<?xml version="1.0" encoding="UTF-8"?>
<eml:eml xmlns:eml="eml://ecoinformatics.org/eml-2.1.1" xmlns:dc="http://purl.org/dc/terms/" xmlns:xsi="http://www.w3.org/2001/XMLSchema-instance" xsi:schemaLocation="eml://ecoinformatics.org/eml-2.1.1 http://rs.gbif.org/schema/eml-gbif-profile/1.0.1/eml.xsd" packageId="a219425b-506e-43cb-a3ce-d060e8861195" system="https://symbiota.org" scope="system" xml:lang="eng"><dataset><alternateIdentifier>https://ecdysis.org/collections/misc/collprofiles.php?collid=38</alternateIdentifier><title xml:lang="eng">University of California Santa Barbara Invertebrate Zoology Collection</title><creator id="b925ff4c-8eba-495c-b5ed-852c7affb2ea"><organizationName>Ecdysis Portal</organizationName><electronicMailAddress></electronicMailAddress><onlineUrl>https://ecdysis.org/index.php</onlineUrl></creator><metadataProvider><organizationName>Ecdysis Portal</organizationName><electronicMailAddress></electronicMailAddress><onlineUrl>https://ecdysis.org/index.php</onlineUrl></metadataProvider><pubDate>2025-07-11</pubDate><language>eng</language><abstract><para>&amp;nbsp;&amp;nbsp;&#13;
The Invertebrate Zoology collection at the University of California, Santa Barbara (UCSB) originated as a teaching resource for an entomology class in the 1950s. The collection expanded significantly in 1960 when Dr. Adrian Wenner contributed his personal collection to enhance its diversity. Currently, the collection boasts over 40,000 arthropod specimens, predominantly insects, with a focus on those found in California. A particular emphasis is placed on the order Hymenoptera order, especially bees. Growth of the collection is sustained through student donations from class projects, UCSB faculty research, contributions from the UCSB Natural Reserve System, and research carried out at the UCSB Cheadle Center&#13;
Citation:&#13;
University of California Santa Barbara Invertebrate Zoology Collection. (2025). A Review of Biotic Interactions and Taxon Names Found in globalbioticinteractions/ucsb-izc hash://md5/500c2fc4f66e72938556607e9e1511f1. Zenodo. https://doi.org/10.5281/zenodo.15212951</para></abstract><contact><organizationName>University of California Santa Barbara Invertebrate Zoology Collection</organizationName><phone></phone><electronicMailAddress>seltmann@ucsb.edu</electronicMailAddress><userId>https://orcid.org/0000-0001-5354-6048</userId><onlineUrl>https://ccber.ucsb.edu/</onlineUrl><addr><city>Santa Barbara</city><administrativeArea>CA</administrativeArea><postalCode>93106</postalCode><country>United States</country></addr></contact><associatedParty><individualName><surName>Seltmann</surName><givenName>Katja</givenName></individualName><electronicMailAddress>seltmann@ucsb.edu</electronicMailAddress><positionName>Director</positionName><userId>https://orcid.org/0000-0001-5354-6048</userId><role>contentProvider</role></associatedParty><intellectualRights><para>To the extent possible under law, the publisher has waived all rights to these data and has dedicated them to the <ulink url="http://creativecommons.org/publicdomain/zero/1.0/"><citetitle></citetitle></ulink></para></intellectualRights></dataset><additionalMetadata><metadata><symbiota id="b925ff4c-8eba-495c-b5ed-852c7affb2ea"><dateStamp>2025-07-11T16:27:52-07:00</dateStamp><citation identifier="686db12e-ca4b-46e1-bc97-d7306be06d15">Ecdysis Portal - 686db12e-ca4b-46e1-bc97-d7306be06d15</citation><physical><characterEncoding>UTF-8</characterEncoding><dataFormat><externallyDefinedFormat><formatName>Darwin Core Archive</formatName></externallyDefinedFormat></dataFormat></physical><collection identifier="b03a3f0c-bfa5-4e02-b5d3-56ff38626302" id="38"><alternateIdentifier>https://ecdysis.org/collections/misc/collprofiles.php?collid=38</alternateIdentifier><parentCollectionIdentifier>UCSB</parentCollectionIdentifier><collectionIdentifier>IZC</collectionIdentifier><collectionName>University of California Santa Barbara Invertebrate Zoology Collection</collectionName><resourceLogoUrl>https://ecdysis.org/content/collicon/ucsb-izc.png</resourceLogoUrl><onlineUrl>https://ccber.ucsb.edu/</onlineUrl><intellectualRights>http://creativecommons.org/publicdomain/zero/1.0/</intellectualRights><additionalInfo>The Regents of the University of California; ROR: https://ror.org/02t274463</additionalInfo><associatedParty><individualName><surName>Seltmann</surName><givenName>Katja</givenName></individualName><electronicMailAddress>seltmann@ucsb.edu</electronicMailAddress><positionName>Director</positionName><userId>https://orcid.org/0000-0001-5354-6048</userId></associatedParty><abstract><para>&lt;p&gt;&lt;a href="https://doi.org/10.5281/zenodo.15212951"&gt;&lt;img src="https://zenodo.org/badge/DOI/10.5281/zenodo.15212951.svg" width="191" height="20" /&gt;&lt;/a&gt;&lt;a href="https://depot.globalbioticinteractions.org/reviews/globalbioticinteractions/ucsb-izc/index.pdf"&gt;&amp;nbsp;&lt;/a&gt;&lt;a href="https://www.globalbioticinteractions.org/?interactionType=ecologicallyRelatedTo&amp;amp;accordingTo=globi:millerse/Arctic-food-web&amp;amp;refutes=true&amp;amp;refutes=false" target="_blank" rel="noopener"&gt;&lt;img src="https://api.globalbioticinteractions.org/interaction.svg?interactionType=ecologicallyRelatedTo&amp;amp;accordingTo=globi:millerse/Arctic-food-web&amp;amp;refutes=true&amp;amp;refutes=false" /&gt;&lt;/a&gt;&lt;a href="https://depot.globalbioticinteractions.org/reviews/globalbioticinteractions/ucsb-izc/index.pdf"&gt;&amp;nbsp;&lt;/a&gt;&lt;a href="https://linker.bio/10.15468/w6hvhv" target="_blank" rel="noopener"&gt;&lt;img src="https://linker.bio/badge/10.15468/w6hvhv" /&gt;&lt;/a&gt;&lt;/p&gt;&#13;
&lt;p&gt;The Invertebrate Zoology collection at the University of California, Santa Barbara (UCSB) originated as a teaching resource for an entomology class in the 1950s. The collection expanded significantly in 1960 when Dr. Adrian Wenner contributed his personal collection to enhance its diversity. Currently, the collection boasts over 40,000 arthropod specimens, predominantly insects, with a focus on those found in California. A particular emphasis is placed on the order Hymenoptera order, especially bees. Growth of the collection is sustained through student donations from class projects, UCSB faculty research, contributions from the UCSB Natural Reserve System, and research carried out at the UCSB Cheadle Center&lt;/p&gt;&#13;
&lt;p&gt;&lt;strong&gt;Citation:&lt;/strong&gt;&lt;/p&gt;&#13;
&lt;p&gt;University of California Santa Barbara Invertebrate Zoology Collection. (2025). A Review of Biotic Interactions and Taxon Names Found in globalbioticinteractions/ucsb-izc hash://md5/500c2fc4f66e72938556607e9e1511f1. Zenodo. https://doi.org/10.5281/zenodo.15212951&lt;/p&gt;</para></abstract></collection></symbiota></metadata></additionalMetadata></eml:eml>
